{"Linear": 1.0, "Random Forest": 0.8330295480483021, "XGBoost": 0.7985473475935111}